id,name,email,organization_id,role,active,notes,group,api_subscription,employee_id,promotion_code,tags
7524917807,Jennifer Hansen - CE,jhansen@example.com,10838812608,admin,True,Likes emojis üòä,Advanced Support - CE,plan_gold,,doloratdoloremque,[]
7858057707,Kate Hoffman - CE,katehoffman7@example.com,2208998928,admin,True,,Tier 2 Support - CE,plan_gold,,ullaminventorefuga,[]
7858067547,Anna Dalby - CE,anna.dalby1@example.com,6894522008,end-user,True,,,plan_gold,,velquasvel,"['subscription_silver', 'product_a', 'chef_dequipe', 'plan_gold', 'no_csat']"
7858071167,Aubrey Kaine - CE,aubreykaine00@example.com,10838798148,agent,True,,Sales - CE,plan_silver,,natusmolestiasea,[]
7858083167,Francis Kind - CE,franciskind.zen@example.com,10838814908,agent,True,,Advanced Support - CE,plan_gold,,nobisconsecteturenim,[]
7858096207,Bunk Moreland - CE,bunkmoreland410@example.com,10778642047,admin,True,,Product Support - CE,plan_gold,,nisiquodperspiciatis,[]
7858111247,Lester Freamon - CE,lazendesk@example.com,15976972808,admin,True,,Product Support - CE,plan_silver,,etplaceatcupiditate,[]
7858119547,Marlo Stanfield - CE,ceenduser@example.com,15622168627,end-user,True,,,plan_gold,15,expeditaaliquidipsa,"['gold', 'paid', 'san_francisco', 'co-op', 'vip']"
7858174327,Emma Lee - CE,fakecustomer1234@example.com,10789859667,end-user,True,,,plan_bronze,12345,eainventorevoluptas,"['plan_gold', 'vip_user', 'no_csat']"
7929155048,Shirin Poeplinghaus - CE,lucywalsh.zendesk@example.com,10778652467,agent,True,,Tier 1 Support - CE,plan_bronze,,explicabodebitisea,['tier1_support']
7929180588,Jimmy McNulty - CE,jmcnulty410@example.com,10838808228,end-user,True,,,plan_bronze,,maximeabquibusdam,"['vip_user', 'emea', 'plan_silver', 'resigned']"
8129791828,Jennifer Hansen - CE,fakeagent548@example.com,10778648407,agent,True,,Advanced Support - CE,plan_bronze,,laboresolutapariatur,['vip_customer']
11321745068,Lisa Roth - CE,lrothrauff@example.com,"['10838833168', '10789859667']",admin,True,,Product Support - CE,plan_gold,,illoomnisnisi,[]
12946394628,Sample customer,customer@example.com,15976972688,end-user,True,,,plan_silver,,remsaepefugiat,[]
13618422767,Em Cino - CE,franciskind.zen+01@example.com,15976972808,agent,True,,Product Support - CE,plan_silver,,assumendaconsequaturdicta,[]
15462603267,Samira Miller - CE,samira@example.com,10778617287,agent,True,,Tier 1 Support - CE,plan_bronze,,vitaeasunt,[]
16255518428,Karen Biscopink - CE,kbiscopink@example.com,10838806168,admin,True,,Product Support - CE,plan_bronze,,sequiistedicta,[]
16306259928,Robert,franciskind.zen+1@example.com,3535325388,admin,True,,Advanced Support - CE,plan_silver,,namlaborepariatur,[]
17257677007,Jen Doe - CE,fakecustomer2016@example.com,15976972648,end-user,True,,,plan_gold,123456789,inventoreveroprovident,['plan_silver']
18025059467,Charles Nadeau - CE,cnadeau@example.com,10838829148,admin,True,,Product Support - CE,plan_bronze,,veniamfacereea,[]
18093484988,Laduma Nguyuza,laduma@example.com,2208998938,admin,True,,Product Support - CE,plan_bronze,,dictalaborumconsequatur,[]
18163710208,Fred Flora - CE,fredflora@example.com,"['10838833248', '10778642047', '10838806168']",end-user,True,,,plan_gold,,expeditasimiliqueneque,"['plan_gold', 'no_csat']"
18730775647,Jackson Davis - CE,jdavis@example.com,10778619527,agent,True,,Product Support - CE,plan_bronze,,errorrationequaerat,[]
22214309548,Megan Browning - CE,mbrowning@example.com,10838829148,admin,True,,Product Support - CE,plan_bronze,,eumfacerequisquam,[]
22301486087,Mark Banuelos - CE,mbanuelos@example.com,10838831148,agent,True,,Product Support - CE,plan_bronze,,eaqueconsequunturatque,[]
22407851608,Clark Green - CE,clarkgreen123@example.com,2371912888,admin,True,,Product Support - CE,plan_gold,,remquodrepellat,[]
22983923328,Nick Lopez,nicklopez123123@example.com,10838798008,end-user,True,,,plan_gold,,mollitiacorruptitemporibus,"['plan_silver', 'vip']"
23783206948,Alexander Migale - CE,agm.zendesk@example.com,10838810308,admin,True,,Tier 1 Support - CE,plan_silver,,harumblanditiisconsectetur,"['sales', 'training']"
24410956807,Beatrix Abbott - CE,mbrowning+ba@example.com,10838839568,admin,True,,Product Support - CE,plan_silver,,perspiciatisperspiciatisprovident,[]
24495693028,Cruz Smith - CE,mbrowning+cs@example.com,10778615267,agent,True,,Product Support - CE,plan_bronze,,quaerecusandaedolorum,[]
26130084287,Courtney Benjamin-CE,cb.zendesk@example.com,10779027607,end-user,True,,,plan_silver,,delenitihicat,"['gold', 'emea_customer', 'london', 'europe']"
26309753347,Austin Haukinz - CE,ahaukinz@example.com,10838798148,agent,True,,Product Support - CE,plan_silver,,inadest,[]
26395517047,Aza Coward - CE,aza@example.com,10838814808,admin,True,,Promotions - CE,plan_silver,,eiusidconsectetur,[]
26400784527,Eat Well Support,,"['10838827068', '15976972708', '10838812608']",end-user,True,,,plan_bronze,,eligendisuscipitvero,[]
26958734847,Malcom,malcolm@example.com,10838839528,end-user,True,,,plan_bronze,,ipsaofficiadolore,[]
27401922328,Chris Meyers,cmeyers@example.com,10838835488,end-user,True,,,plan_gold,,occaecaticumfugit,['guide_tier1_section']
27562100148,John Smith,john@example.com,10838812608,end-user,True,,,plan_gold,,quaedoloreenim,[]
27599923708,John Smith,john@example.com,2208998918,end-user,True,,,plan_silver,,quaeillosaepe,[]
27774465447,george,georgeo@example.com,20287205127,end-user,True,,,plan_gold,,solutaexercitationemiste,[]
27869766668,Visitor 23590364,,360041750613,end-user,True,,,plan_gold,,pariaturaccusantiumvoluptatibus,[]
27904624747,Visitor 96375178,,"['10838812648', '10787647727']",end-user,True,,,plan_gold,,quibusdammaximea,[]
27905466447,Visitor 7277679,,10778642187,end-user,True,,,plan_silver,,remoditdolorum,[]
27985761827,Test,,"['10838903188', '10838814768']",end-user,True,,,plan_silver,,facilisinventorefacere,[]
27999910988,Visitor 88770589,,10838812448,end-user,True,,,plan_gold,,corruptidoloremquesequi,[]
28000506268,Visitor 56361663,,2208998848,end-user,True,,,plan_silver,,rerumvoluptatesaut,[]
28036032308,Visitor 44363997,,10838808228,end-user,True,,,plan_bronze,,iustoexpeditapossimus,[]
28168831447,Visitor 79609699,,10778654507,end-user,True,,,plan_silver,,idpraesentiumab,[]
28171733667,George,,10838812668,end-user,True,,,plan_silver,,maioreslaborumomnis,[]
28270872488,George,gg@example.com,"['10838816968', '10778619687', '10789922867']",end-user,True,,,plan_bronze,,ipsamabexplicabo,[]
28308545067,Visitor 86361647,,7660595647,end-user,True,,,plan_bronze,,numquampraesentiumeos,[]
28308630867,Visitor 9069214,,10838821028,end-user,True,,,plan_gold,,laudantiumcommodidolore,[]
28309006027,Visitor 33491187,,2208998868,end-user,True,,,plan_bronze,,magnamdolorefugit,[]
28384330507,Visitor 42889124,,"['10838812528', '10779027607', '10778648407']",end-user,True,,,plan_silver,,explicaboeaqueiste,[]
28387098308,Visitor 86361647,,10838800148,end-user,True,,,plan_silver,,quasveroquis,[]
28404557288,Visitor 85664065,,10838818988,end-user,True,,,plan_silver,,faceremagnamvoluptatum,[]
28613552627,Visitor 11995833,,10838810388,end-user,True,,,plan_gold,,laboresuscipitdoloremque,[]
28613585787,Visitor 86361647,,15976972768,end-user,True,,,plan_gold,,voluptatibusrepellatdeleniti,[]
28613783407,Visitor 86361647,jcruise@example.com,10838793928,end-user,True,,,plan_bronze,,modiquaeratiusto,[]
28647500487,Visitor 17497796,,2208998858,end-user,True,,,plan_gold,,quodnobismagnam,[]
28647634607,Visitor 26613524,,10778642187,end-user,True,,,plan_gold,,facilisadratione,[]
28719455568,Visitor 56042054,,10838810308,end-user,True,,,plan_silver,,enimassumendaaliquid,[]
28720016248,Visitor 14343384,,10778642107,end-user,True,,,plan_gold,,similiqueatquequae,[]
28747405507,Visitor 14343384,,"['10838816968', '10778619547']",end-user,True,,,plan_silver,,ipsaillumut,[]
28747552927,Visitor 13789444,,1803986017,end-user,True,,,plan_bronze,,quisquamconsectetursunt,[]
28747575007,Visitor 87985401,,2208998928,end-user,True,,,plan_gold,,dolorumarchitectoconsectetur,[]
28749160287,Visitor 14272733,,2208998838,end-user,True,,,plan_gold,,cumexplicaboquo,[]
28749190667,Efren,efren@example.com,2208998918,end-user,True,,,plan_bronze,,dictaametnon,[]
28751157548,Visitor 86361647,,10838823068,end-user,True,,,plan_silver,,sequianimisequi,[]
28756791707,Sera Tajima - CE,stajima@example.com,15976972748,admin,True,,Product Support - CE,plan_bronze,,laudantiumdolorumipsa,[]
28794745788,Visitor 41764726,,3535315768,end-user,True,,,plan_gold,,nisiquisoccaecati,[]
28824254527,Shirin,shirin@example.com,10838810388,end-user,True,,,plan_bronze,,nostrumexaperiam,[]
28850450748,Visitor 86361647,,10838814768,end-user,True,,,plan_silver,,mollitiaipsumtemporibus,[]
28852187228,Visitor 64655414,,10778644267,end-user,True,,,plan_gold,,expeditaaasperiores,[]
360013515467,Caller Unknown,,"['2208998918', '10838812568', '10789922867']",end-user,True,,,plan_bronze,,iurevoluptatumfacere,[]
360097753587,Amanda Gamblin - CE,agamblin@example.com,3535325388,admin,True,,Product Support - CE,plan_silver,,undeexplicabodeserunt,[]
360216579807,Agamblin+test,agamblin+test@example.com,10838980228,end-user,True,,,plan_bronze,,faciliscommodivel,[]
360313965087,Laurence Hardie - CE,lhardie@example.com,10838980228,admin,True,,Tier 1 Support - CE,plan_bronze,,nostrumaliasdolores,[]
360501915827,Visitor 85725979,,10778623727,end-user,True,,,plan_silver,,natusveritatisquod,[]
360501965327,Visitor 85725979,,10838814768,end-user,True,,,plan_silver,,cumquecumab,[]
360526188007,Visitor 64846162,,10838812608,end-user,True,,,plan_bronze,,architectoevenietrepellendus,[]
360533074907,Visitor 72934791,,10778615207,end-user,True,,,plan_silver,,illoexplicabosunt,[]
360551849568,Visitor 80224582,,10789922867,end-user,True,,,plan_silver,,numquamodittemporibus,[]
360556141168,Visitor 17565537,,2208998838,end-user,True,,,plan_silver,,fugasaepemollitia,[]
360621820448,Sam Smitty,sam@example.com,6894522008,end-user,True,,,plan_silver,,repellatdoloremqueaspernatur,[]
360682876568,65092144444,,3535325388,end-user,True,,,plan_bronze,,suntcupiditatererum,[]
360880643887,Benoit Duval,bduval@example.com,10838802148,end-user,True,,,plan_silver,,mollitiasimiliquerepudiandae,[]
360898110347,Jane Smith,jane@example.com,"['10778635907', '10838812488']",end-user,True,,,plan_silver,,ullampossimuserror,[]
360930727768,Leister,leister@example.com,10838814868,end-user,True,,,plan_bronze,,hiccupiditatelibero,[]
360962159208,+1 (707) 553-3856,,10838839528,end-user,True,,,plan_bronze,,dolorumfugiatsed,[]
360982403148,Liz Roth,lrothrauff@example.com,10838816928,end-user,True,,,plan_silver,,laudantiumvoluptatumvero,[]
361036107807,Caller +1 (608) 628-4363,,10778611187,end-user,True,,,plan_silver,,quamdoloremdistinctio,[]
361082424907,Qwerty,qwerty@example.com,360039599413,end-user,True,,,plan_silver,,laboriosamanimiad,[]
361087533008,Cookie Monster,coooooookkkkkkiiiiiie@example.com,"['10787647727', '10516372027', '10778642107']",end-user,True,,,plan_gold,,reiciendisidveritatis,[]
361108719247,Visitor 17886942,,10838810308,end-user,True,,,plan_gold,,doloribuscumqueillum,[]
361109332388,Visitor 81100780,,2208998918,end-user,True,,,plan_bronze,,adipisciearumnesciunt,[]
361110324367,Visitor 86431441,,10778619547,end-user,True,,,plan_gold,,placeatdelenitialiquam,[]
361113648427,Visitor 9729838,,7660612287,end-user,True,,,plan_bronze,,liberomolestiassunt,[]
361119201707,Tom Cruise,test@example.com,"['10838839528', '20287205107', '15622168627']",end-user,True,,,plan_silver,,quisquamdolorempraesentium,[]
361253415068,Caller +1 (310) 897-9537,,10778654527,end-user,True,,,plan_bronze,,magnamaccusantiumsunt,[]
361316532347,Caller +353 87 352 5778,,10778623727,end-user,True,,,plan_silver,,earumoditeius,[]
361384951128,Visitor 92968055,,10838812488,end-user,True,,,plan_bronze,,eosfugittempore,[]
361396177647,Text user: +61429565663,,15976972608,end-user,True,,,plan_gold,,liberoutcum,[]
361421586847,Visitor 56053843,,10778654467,end-user,True,,,plan_silver,,quasicorporisvoluptas,[]
361455267568,Customer Name,customer.email@example.com,2208998878,end-user,True,,,plan_gold,,ametprovidentnihil,[]
361456033808,George,meganrbrowning@example.com,"['10838833168', '2371912888']",end-user,True,,,plan_bronze,,teneturmodidolore,[]
361551068128,Henry Block,henry.block@example.com,"['2371912888', '2208998938', '10778648407']",end-user,True,,,plan_silver,,totamminimaautem,['plan_gold']
361610886187,Tom Smith,tsmith@example.com,10838800148,end-user,True,,,plan_bronze,,quoddoloribussapiente,[]
361684745568,Visitor 51823672,,10778617367,end-user,True,,,plan_gold,,remdoloremvoluptas,[]
361699492987,Visitor 80254017,,10838814768,end-user,True,,,plan_bronze,,atquedoloresfugiat,[]
361726563747,Bob Smith,bsmith@example.com,10787647727,end-user,True,,,plan_silver,,dolorumnesciuntcumque,[]
361734305508,Silvia Mueller,silvia.mueller@example.com,10838814808,end-user,True,,,plan_gold,,accusantiumveroofficia,[]
361734489408,Leo Steim,leo.steim@example.com,10838798148,end-user,True,,,plan_bronze,,possimusodioipsum,[]
361743721748,Fabian Flor,flortech@example.com,10838810348,end-user,True,,,plan_silver,,fugitdolorblanditiis,[]
361794026628,Mark Smith,msmith@example.com,10838839528,end-user,True,,,plan_gold,,facilisnequedistinctio,[]
362018813028,Visitor 11789822,bsmith@example.com,2208998888,end-user,True,,,plan_bronze,,distinctioquaeeum,[]
362020789508,Visitor 89800926,,10838835388,end-user,True,,,plan_gold,,adtotamexcepturi,[]
362040259707,Visitor 89800926,,2208998918,end-user,True,,,plan_silver,,quasexpeditavero,[]
362041300548,Visitor 85313381,,10838839528,end-user,True,,,plan_silver,,voluptateoditnesciunt,[]
362067941067,Visitor 55191318,,10838812408,end-user,True,,,plan_gold,,delenitibeataequibusdam,[]
362069661227,Visitor 52158329,,10778642047,end-user,True,,,plan_bronze,,delectusaccusantiumcorporis,[]
362088417607,Caller +1 (415) 653-0291,,10778644267,end-user,True,,,plan_gold,,accusamusaquis,[]
362149319487,Caller +1 (415) 449-7593,none@example.com,10838814908,end-user,True,,,plan_bronze,,accusantiumveniamquas,[]
362203959067,Ren√© F. Lisi,rene.lisi@example.com,10838839568,end-user,True,,,plan_gold,,modiodioautem,[]
362310954848,Sara Gholampour - CE,sgholampour@example.com,10838814868,admin,True,,Product Support - CE,plan_silver,,earumaccusantiuma,[]
362325794428,Andy J,ajones@example.com,10838810308,end-user,True,,,plan_gold,,ineumdelectus,[]
362344331208,Mary Poeplinghaus,poeplinghaus@example.com,10778617367,end-user,True,,,plan_gold,,rationedeseruntenim,[]
362360769047,Visitor 71862868,,10778615267,end-user,True,,,plan_bronze,,solutalaboreearum,[]
362360789247,Visitor 74360839,,1803986017,end-user,True,,,plan_gold,,totamnostrumvoluptas,[]
362543207207,Stephanie Pellegrino - CE,spellegrino@example.com,10838810348,admin,True,,Product Support - CE,plan_bronze,,pariaturenimet,[]
362720857788,Visitor 90093682,,"['10838812648', '10838810388', '10789922867']",end-user,True,,,plan_silver,,quirecusandaequas,[]
362794308708,Robert Smith,bsmith1@example.com,10838829148,end-user,True,,,plan_silver,,nequeliberovoluptas,[]
362880696488,Visitor 96208453,,7660595647,end-user,True,,,plan_silver,,expeditaquasiste,[]
362924583467,Visitor 66678920,,10778642187,end-user,True,,,plan_silver,,earumexercitationemfugiat,[]
362925284907,Visitor 33560748,,15976972628,end-user,True,,,plan_bronze,,errorundedignissimos,[]
362928964707,Visitor 51955624,,10838818988,end-user,True,,,plan_gold,,repudiandaeexrepellendus,[]
363065237467,Austin Example,austin@example.com,"['10838795988', '15976972688', '2208998938']",end-user,True,,,plan_bronze,,impeditillumlaudantium,[]
363067053667,Jim Carrey,j@example.com,15976972648,end-user,True,,,plan_bronze,,optiovelitalias,[]
363067108127,Visitor 45740320,,10778642187,end-user,True,,,plan_silver,,aliasdolorenesciunt,[]
363067545647,Visitor 68618381,,2208998828,end-user,True,,,plan_gold,,voluptatibusesseet,[]
363094031307,James Smith,jsmith@example.com,15976972748,end-user,True,,,plan_gold,,illumfugiatnumquam,[]
363283306088,Clark Kent,superzenclark@example.com,10838810348,end-user,True,"Here are some notes about Clark

8/9/18 - More notes",,plan_silver,,earumquibusdamvel,['plan_silver']
363287515008,Visitor 23124403,,10838835488,end-user,True,,,plan_bronze,,quoeosmollitia,[]
363288561088,Visitor 23124403,,"['360010440174', '10838814808', '15976972648']",end-user,True,,,plan_silver,,repellatrepellatrecusandae,[]
363301254308,Visitor 2178359,,10838812668,end-user,True,,,plan_silver,,quosamaiores,[]
363325705808,Visitor 20722305,,10778619687,end-user,True,,,plan_bronze,,etdebitisprovident,[]
363325741368,Visitor 59350619,,10838798148,end-user,True,,,plan_gold,,quodvoluptatumquisquam,[]
363342210167,Visitor 23124403,,10778642187,end-user,True,,,plan_silver,,aliquamquaenam,[]
363342971487,Laurence Hardie,,10838839548,end-user,True,,,plan_gold,,architectovoluptatemnam,[]
363345880807,INTERNAL Aza,,10838812648,end-user,True,,,plan_gold,,ametcumsit,['vip']
363353878687,Visitor 37642204,,10838802148,end-user,True,,,plan_silver,,voluptatumcorporisadipisci,[]
363354985027,Visitor 54490895,,10779027607,end-user,True,,,plan_silver,,minusreprehenderitunde,[]
363358127827,Visitor 54490895,,10838831148,end-user,True,,,plan_bronze,,evenietexcepturiporro,[]
363384491427,Visitor 80562267,,2208998828,end-user,True,,,plan_gold,,eaquealiquammagni,[]
363556362507,Visitor 70192527,,"['10838839528', '10778623727', '15976972668']",end-user,True,,,plan_gold,,velitaiusto,[]
363556748947,Visitor 29751713,,10778623727,end-user,True,,,plan_silver,,doloruminventoremolestias,[]
363584568008,John Cruz,jcruise@example.com,10778611187,end-user,True,,,plan_gold,,eiussolutaquidem,['plan_gold']
363655322748,Visitor 90758725,,"['10838839548', '10778619527', '2371912888']",end-user,True,,,plan_bronze,,culpaarchitectoipsa,[]
363675387508,Visitor 28141507,,"['10838837488', '10778617287']",end-user,True,,,plan_silver,,quisaspernaturquas,[]
363676859147,Amanda Parker,amandaparker818@example.com,15976972708,end-user,True,,,plan_silver,,temporibusadest,[]
363732591767,Visitor 28141507,,15622168627,end-user,True,,,plan_silver,,assumendasaepecumque,[]
363771310287,Visitor 1524816810,,"['10778642167', '10778642187', '10778654507']",end-user,True,,,plan_silver,,pariaturdolorumiste,[]
363808003628,Visitor 3070227,,10838829148,end-user,True,,,plan_gold,,aliquidsapientealiquid,[]
363897240227,Della Kartessan - CE,dellakartessan@example.com,"['15976972608', '10838812448', '2208998898']",end-user,True,Aza's 'End User',,plan_silver,1234567,autemeosillum,['plan_gold']
363930160187,Visitor 75987045,,10778654527,end-user,True,,,plan_silver,,impeditfacilisaliquam,[]
364036611588,Thomas Paul,tpaul@example.com,2208998928,end-user,True,,,plan_bronze,,reprehenderitdolorest,[]
364233283408,Megan,z3ntest@example.com,15976972668,end-user,True,,,plan_silver,,fugaadofficia,[]
364274605628,Text user: +61419351670,,"['10838812408', '10838812528']",end-user,True,,,plan_gold,,sintvitaedolor,[]
364293635167,Text user: +61432370089,,10778617287,end-user,True,,,plan_silver,,iustodebitisdolore,[]
364300745747,Trash End USer,trash@example.com,15976972808,end-user,True,,,plan_silver,,molestiasvoluptatemid,[]
364405301208,Anyemailhere,anyemailhere@example.com,"['10778650407', '3535325388']",end-user,True,,,plan_bronze,,laborearchitectosunt,[]
364430214354,Nicole Foxworth,nfoxworth@example.com,2208998938,end-user,True,,,plan_bronze,,abminimaillo,[]
364461406927,Caller +44 20 8068 5829,,10838808268,end-user,True,,,plan_bronze,,quoscumqueitaque,[]
364468316934,Maggie McGinnis,mmcginnis@example.com,10838833248,end-user,True,,,plan_bronze,,distinctionihiltotam,[]
364484381654,Visitor 65932330,,2208998908,end-user,True,,,plan_silver,,impeditearummolestiae,[]
364514220648,Visitor 81779164,,10778615207,end-user,True,,,plan_bronze,,ametindeserunt,[]
364530065227,Danica Beaniza - CE,dbeaniza@example.com,"['10838816968', '15976972648']",admin,True,,Product Support - CE,plan_bronze,,reiciendismollitiamaiores,[]
364533647448,Visitor 77710488,,15976972808,end-user,True,,,plan_silver,,noncumadipisci,[]
364533992748,Visitor 77710488,,15976972788,end-user,True,,,plan_bronze,,aspernaturnihilipsam,[]
364538099913,Visitor 30098570,,"['15976972748', '15976972828', '10838814768']",end-user,True,,,plan_gold,,animiaccusamusquibusdam,[]
364541923814,Fashion Fan,,"['10838980228', '10789859667']",end-user,True,,,plan_bronze,,nullaquaevoluptas,[]
364548966354,Visitor 60587126,,"['3535315768', '10838812668']",end-user,True,,,plan_gold,,omnislaudantiumquas,[]
364586996908,Mark Banuelos,,15976972668,end-user,True,,,plan_gold,,pariaturesseeum,[]
364600018527,Visitor 38482122,,2208998858,end-user,True,,,plan_bronze,,solutaadipiscioptio,[]
364604541367,Visitor 77710488,,10838812488,end-user,True,,,plan_gold,,recusandaenihilsoluta,[]
364636705273,Visitor 8901240,,10516372027,end-user,True,,,plan_gold,,quasexpeditalaborum,[]
364650613648,Visitor 19811473,,10838798068,end-user,True,,,plan_gold,,temporibussolutaprovident,[]
364652154174,Visitor 62704675,,10778646307,end-user,True,,,plan_gold,,odionatusnesciunt,[]
364652472274,Visitor 64817955,,"['10778654507', '2208998898']",end-user,True,,,plan_bronze,,eosesttempore,[]
364656134567,Tim,tim@example.com,10838839528,end-user,True,,,plan_bronze,,laboriosamlaborumrepudiandae,[]
364664239174,Visitor 16879696,,6894522008,end-user,True,,,plan_bronze,,illosunttempora,[]
364757818588,Visitor 50013801,,360039599413,end-user,True,,,plan_gold,,consecteturofficiisitaque,[]
364773286793,Visitor 9425483,,"['2208998878', '10838812608', '10778619527']",end-user,True,,,plan_silver,,maximeadvoluptatum,[]
364773976133,Jackie,jready@example.com,"['10838795988', '10838835388']",end-user,True,,,plan_bronze,,natusvelnemo,[]
364774205173,Visitor 33536861,,10778611187,end-user,True,,,plan_gold,,aillodebitis,[]
364781397233,Visitor 11296330,,"['10838818988', '10838814868', '10778615267']",end-user,True,,,plan_gold,,assumendasuntcum,[]
364781893213,Visitor 36380365,,10778640027,end-user,True,,,plan_silver,,magnamnonimpedit,[]
364788988574,Visitor 65067750,,10778615267,end-user,True,,,plan_bronze,,delenitirecusandaeullam,[]
364789078274,Visitor 66768566,,10778642047,end-user,True,,,plan_silver,,natusexplicaboaliquid,[]
364789574414,Evan Felker,evan.felker@example.com,10838818988,end-user,True,,,plan_silver,,temporasuscipitnihil,[]
364797094714,Visitor 94290488,,10778619527,end-user,True,,,plan_gold,,repellendussintplaceat,[]
364798686927,Ivan,ipreti@example.com,"['10778650407', '20287205127']",end-user,True,,,plan_silver,,aspernaturexercitationemipsam,[]
364817530433,Visitor 30092060,,15976972788,end-user,True,,,plan_bronze,,inporrodolores,[]
364821093968,Caller +353 83 163 4311,,2208998908,end-user,True,,,plan_gold,,iustoullamipsam,[]
364827167007,Noreply,noreply@example.com,2371912888,end-user,True,,,plan_gold,,quibusdamexercitationemfugit,[]
364828750188,Visitor 13225194,,15976972608,end-user,True,,,plan_silver,,quameiusnostrum,[]
364829669408,Visitor 36464076,,"['10778642047', '2208998938', '10778654527']",end-user,True,,,plan_silver,,abdebitiseum,[]
364846881787,Coupons.com,reply@example.com,360041750613,end-user,True,,,plan_silver,,earumrepellatperferendis,[]
364850628087,Kelly Star,kelly@example.com,10789859667,end-user,True,,,plan_silver,,molestiaevitaequia,"['plan_gold', 'vip']"
364862898133,Caller +353 1 691 7262,,10778619527,end-user,True,,,plan_bronze,,ipsamrepellendusminus,[]
364868412548,Visitor 72297896,,"['10778656607', '10778623727', '15976972688']",end-user,True,,,plan_bronze,,natusodiomaxime,[]
364874223787,Peetnik Rewards,customerservice@example.com,10778656647,end-user,True,,,plan_bronze,,eumvoluptatumexpedita,[]
364888532467,Visitor 13225194,,"['2208998888', '10838835488']",end-user,True,,,plan_gold,,earumiustoaut,[]
364888561687,Visitor 13225194,,10838814688,end-user,True,,,plan_silver,,debitispraesentiumcupiditate,[]
364888670367,Visitor 46442722,,"['10838798148', '10778650407', '10789859667']",end-user,True,,,plan_bronze,,officiaquidemdolorum,[]
364889576487,Visitor 23887137,,2208998918,end-user,True,,,plan_silver,,officiisvoluptatesnulla,[]
364892011948,Juan Cruz,juan@example.com,"['1718055597', '10778619547', '360041750613']",end-user,True,,,plan_silver,,voluptateseiusasperiores,[]
364921952413,Roberto Aiello,,10778619527,end-user,True,,,plan_bronze,,necessitatibussintiusto,[]
364923561847,Visitor 72297896,,360039599453,end-user,True,,,plan_silver,,delenitivitaenisi,[]
364923790107,Visitor 72297896,,"['2208998858', '10838814808', '10778619687']",end-user,True,,,plan_gold,,veldoloribusquos,[]
364935899853,Visitor 1534128820,,10838903188,end-user,True,,,plan_bronze,,ullamrecusandaedelectus,[]
364935984093,Visitor 15475841,,10778637947,end-user,True,,,plan_bronze,,aliquiddoloremqueneque,[]
364946339294,Caller +61 478 367 754,,2208998838,end-user,True,,,plan_gold,,voluptatequosincidunt,[]
364948283894,Visitor 1534133467,,10778654467,end-user,True,,,plan_bronze,,voluptatibusautrepellat,[]
364958213073,George,george@example.com,10778623727,end-user,True,,,plan_silver,,totamrecusandaemagnam,[]
364964357887,Text user: +6598372254,,7660612287,end-user,True,,,plan_gold,,voluptasadipiscisuscipit,[]
364964840094,Jane,jane@example.com,10838839568,end-user,True,,,plan_gold,,cupiditatequasiunde,[]
364965030394,Visitor 93151541,,"['2208998868', '10838812568', '6983191847']",end-user,True,,,plan_gold,,eligendiitaqueeius,[]
364986541128,Hubert Miller,hubert@example.com,1718055597,end-user,True,,,plan_silver,,corruptiveniamreprehenderit,['plan_gold']
365000650947,Kelly Star,star@example.com,"['10838814868', '15976972828', '10778642187']",end-user,True,,,plan_silver,,sequirecusandaealiquid,[]
365032959174,Bonnie Leib,bleib@example.com,10838812608,end-user,True,,,plan_silver,,nullavoluptasculpa,[]
365035862267,Mary,mary@example.com,10838798068,end-user,True,,,plan_silver,,adevenietmaiores,[]
365045556887,Visitor 80348219,,1803986017,end-user,True,,,plan_silver,,asperioresdoloremqueblanditiis,[]
365046905013,megan,me@example.com,10778642187,end-user,True,,,plan_silver,,earumquodincidunt,[]
365051506748,Testing User,,15976972668,end-user,True,,,plan_silver,,inciduntmolestiaecum,[]
365052283727,Hubert M√ºller,mueller@example.com,360039599413,end-user,True,,,plan_gold,,istevelitnostrum,[]
365054326828,Jane Dough - CE,janedoughthefoodie@example.com,10838903188,end-user,True,,,plan_gold,,nequebeataeexercitationem,"['resigned', 'plan_gold']"
365064220774,Laurence Hardie,laurence.hardie@example.com,10838835388,end-user,True,,,plan_silver,,pariaturfugittotam,[]
365082968813,Ken Copeland - CE,kcopeland@example.com,10838810388,admin,True,,Product Support - CE,plan_bronze,,temporaquaeneque,[]
365107577087,Visitor 34397965,,2208998928,end-user,True,,,plan_silver,,hicnihilsoluta,[]
365107608747,Maury Povach,,"['10778646387', '15976972708', '2208998918']",end-user,True,,,plan_bronze,,quiaatdoloremque,[]
365108682747,Visitor 34397965,,1803986017,end-user,True,,,plan_gold,,minusculpaanimi,[]
365108694327,Visitor 34397965,,15976972608,end-user,True,,,plan_silver,,cupiditateerroraccusamus,[]
365111238567,Kale Chip - CE,kalechip@example.com,10838903188,agent,True,,Product Support - CE,plan_gold,,dictatotamab,[]
365112045754,Joana Ferreira - CE,jferreira@example.com,"['10838821028', '1803986017']",admin,True,,Product Support - CE,plan_silver,,quistotameaque,[]
365169898654,Sally,sally@example.com,"['10778635907', '15976972668', '10838808228']",end-user,True,,,plan_gold,,eiusquamfuga,[]
365198160868,Alice,alice@example.com,2371912888,end-user,True,,,plan_gold,,nihilcommodiaccusantium,[]
365198237628,Alice,alice@example.com,"['10838835388', '10838808228', '360039599413']",end-user,True,,,plan_silver,,ipsumasperioresfugiat,[]
365202952148,George Miller,george@example.com,10778652467,end-user,True,,,plan_bronze,,quisvoluptatesrecusandae,[]
365208718108,John Smythe,john-smythe@example.com,10778623727,end-user,True,,,plan_silver,,providentliberosequi,[]
365213529667,Laurence,laurence@example.com,10838798068,end-user,True,,,plan_bronze,,abaexpedita,[]
365226352533,John Example,john@example.com,10838837488,agent,True,,Product Support - CE,plan_silver,,minusatenetur,[]
365233250174,Tom Smith,tom@example.com,1718055597,agent,True,,Product Support - CE,plan_gold,,quodullameveniet,[]
365259594088,Sara Gholampour,saragholampour@example.com,"['10838810308', '10778619527', '10838835488']",agent,True,,Product Support - CE,plan_silver,,sintmodiexplicabo,[]
365267598227,Cait Glass,c.glass@example.com,10778654527,end-user,True,,,plan_bronze,,inventorerepellatdeserunt,"['east', 'vip']"
365312880294,Insoo Young,insyng135080@example.com,10838821028,end-user,True,,,plan_bronze,,maximeevenietvoluptatem,"['vip_user', 'plan_gold']"
365320495234,Visitor 49508977,,2208998868,end-user,True,,,plan_silver,,voluptatesautemmolestias,[]
365320523174,Visitor 49508977,,"['10838903188', '10838798148']",end-user,True,,,plan_bronze,,hicveritatiseveniet,[]
365320550614,Visitor 37980980,,360039599453,end-user,True,,,plan_bronze,,aperiamnullaaperiam,[]
365327056327,Mary Miller,demo.enduser1@example.com,10838818988,end-user,True,,,plan_bronze,,praesentiumnammagni,['plan_gold']
365348070827,Visitor 47731621,,10778642107,end-user,True,,,plan_gold,,quasperferendisperferendis,[]
365405591408,Visitor 45821848,,"['10778611187', '6983191847']",end-user,True,,,plan_bronze,,accusantiumnatusinventore,[]
365405757848,Visitor 67246172,,10778617367,end-user,True,,,plan_gold,,ullamimpeditsed,[]
365417791147,Caller +1 (656) 817-5970,,2371912888,end-user,True,,,plan_bronze,,laudantiumcupiditateconsequatur,[]
365427051673,Visitor 80479029,,"['10839371968', '2208998828', '10778619687']",end-user,True,,,plan_gold,,veroquaerattotam,[]
365428028273,Visitor 80479029,,10838839568,end-user,True,,,plan_bronze,,officiafacilisipsum,[]
365436851934,Visitor 37980980,,10838810388,end-user,True,,,plan_bronze,,temporalaboriosamab,[]
365464026934,Juan Smith,j@example.com,2208998928,end-user,True,,,plan_gold,,omnisnihilea,[]
365473299933,Susie Williams,wsusie611@example.com,7660612287,end-user,True,,,plan_bronze,,beataerepellendusquibusdam,[]
365491397147,Visitor 51608988,,10778646307,end-user,True,,,plan_bronze,,repellattenetureum,[]
365504931667,aza says...,,10838833168,end-user,True,,,plan_gold,,aliquidliberoab,[]
365518173613,Ruth Cockshott,rcockshott@example.com,10778646307,end-user,True,,,plan_gold,,atimpeditdolorum,[]
365530810448,Visitor 91877377,,10838839548,end-user,True,,,plan_bronze,,assumendaofficiatenetur,[]
365536006887,Fake Customer,fakecustomer123@example.com,10778650407,end-user,True,,,plan_gold,,voluptasquaerattempora,[]
365565223748,Wallace Example,wallace@example.com,7660612287,end-user,True,,,plan_silver,,ducimusreiciendisdicta,[]
365575922827,Visitor 91877377,,"['10778654467', '2208998938', '10838806168']",end-user,True,,,plan_bronze,,impeditnequeporro,[]
365593674528,Wallace Wears,wallacew2003@example.com,"['10838823068', '10789859667']",agent,True,,Product Support - CE,plan_bronze,,rerumnisiratione,[]
365632526467,Visitor 47300528,,7660595647,end-user,True,,,plan_bronze,,placeatsuscipitnulla,[]
365799150553,Laura Adams - CE,ladams@example.com,10778654467,admin,True,,Product Support - CE,plan_gold,998877,eiusaccusantiumnemo,"['emea', 'eatwell_employee']"
365799174693,Ferdi Joannis,fjoannis@example.com,"['10778635907', '2208998838', '10778654527']",admin,True,,Product Support - CE,plan_gold,,doloreliberoinventore,[]
365885401633,Visitor 62157506,jcruise@example.com,10838795988,end-user,True,,,plan_bronze,,sedminimaab,[]
365894539674,Visitor 62157506,,15976972668,end-user,True,,,plan_gold,,quidemreiciendisculpa,[]
365894583934,Visitor 23270136,,10838839568,end-user,True,,,plan_silver,,aeligendiest,[]
366003450933,Visitor 62157506,,15622168627,end-user,True,,,plan_gold,,laudantiumenimamet,[]
366006437014,Visitor 97813388,,10778619687,end-user,True,,,plan_silver,,adexercitationemquo,[]
366006469294,Visitor 46214649,,"['15976972808', '10838808268', '360039599453']",end-user,True,,,plan_bronze,,ametveritatiseius,[]
366033715794,Jeshadp,jeshadp@example.com,10838833168,end-user,True,,,plan_gold,,similiquetotamsed,[]
366210470234,Visitor 41363249,,10838980228,end-user,True,,,plan_silver,,beataeveniamquisquam,[]
366456498913,Chloe Customer - (Laura CE),chloecustomer88@example.com,10838814768,end-user,True,,,plan_silver,,pariaturnonsit,[]
366524525293,Paul Geraghty - CE,pgeraghty@example.com,10838814908,admin,True,,Product Support - CE,plan_gold,,vitaecupiditatefuga,[]
366524709294,Luke Hadley92,luke.hadley92@example.com,10778642167,end-user,True,,,plan_gold,,possimusmaioresculpa,[]
366525277354,Jpalkhiwalla,jpalkhiwalla@example.com,10778656707,end-user,True,,,plan_bronze,,dictadolorvoluptate,[]
366560684594,Matteoberin,matteoberin@example.com,"['10778642187', '10838839568', '10838806168']",end-user,True,,,plan_bronze,,velitsimiliqueenim,[]
366759135634,Frank Murray,frankm3210@example.com,"['10838812528', '15976972648']",end-user,True,,,plan_silver,,reiciendislaboreperspiciatis,[]
366777525234,Malachi Briggs,mbriggs@example.com,15976972828,end-user,True,,,plan_gold,,porropraesentiumcorrupti,[]
366780768194,Sara Libra,sara.libra@example.com,10838810348,agent,True,,Product Support - CE,plan_gold,,eumtotamquis,[]
366837168413,Sow Tang,sowtang@example.com,10778642047,end-user,True,,,plan_silver,,molestiaedoloresminus,[]
366852142153,Visitor 22509194,,"['2208998908', '10779027607']",end-user,True,,,plan_gold,,velplaceatquia,[]
366853167253,Visitor 62184340,,10838829148,end-user,True,,,plan_bronze,,veroeligendidolor,[]
366853325093,Visitor 45596237,,10778642087,end-user,True,,,plan_silver,,occaecatiaspernaturipsam,[]
366853334013,Visitor 62184340,,10778619687,end-user,True,,,plan_gold,,natusasperioreseum,[]
366857466034,Dbee,dbee@example.com,2208998868,end-user,True,,,plan_gold,,dignissimossequinihil,[]
366872298774,+1 (970) 819-5246,,10838806168,end-user,True,,,plan_gold,,suscipitdelectuscupiditate,[]
366873030774,Visitor 64987340,,10778646327,end-user,True,,,plan_bronze,,consecteturquaealiquid,[]
366873044094,Visitor 45596237,,10838814768,end-user,True,,,plan_gold,,temporeminimaeos,[]
367241158053,Hello,hello@example.com,2208998918,end-user,True,,,plan_silver,,doloresutquas,[]
367353509333,Visitor 78113833,,10838837488,end-user,True,,,plan_bronze,,quaemaximeillo,[]
367356000273,Visitor 71345929,,360039599413,end-user,True,,,plan_silver,,quiaarchitectoprovident,[]
367372321873,Amanda Editor,agamblin+1@example.com,15976972648,agent,True,,Product Support - CE,plan_silver,,magnameligendipraesentium,['editor']
367385296334,Amanda Parker,agamblin+2@example.com,"['10838810308', '10838980228']",agent,True,,Product Support - CE,plan_gold,,quisquamnecessitatibusautem,[]
367431100633,Diana,diana@example.com,10778652467,end-user,True,,,plan_bronze,,laborevitaevero,[]
367431790093,Smove Customer,smovecustomer@example.com,10779004187,end-user,True,,,plan_gold,,atducimusquam,[]
367456096674,Visitor 16019904,,10838837488,end-user,True,,,plan_bronze,,voluptatumeligendivitae,[]
367490808594,Fabio Guarrasi,fguarrasi@example.com,15976972768,end-user,True,,,plan_silver,,aspernaturutesse,[]
367655689734,Visitor 6752713,,3535315768,end-user,True,,,plan_silver,,cumquenequeveritatis,[]
367657688234,Visitor 6752713,,10787647727,end-user,True,,,plan_bronze,,doloremabreiciendis,[]
367681979254,Ford Dealership L.A.,,10778617367,end-user,True,Big fan of honey üêù,,plan_gold,,possimusrepellateius,[]
367732614054,Visitor 89762738,,2208998868,end-user,True,,,plan_bronze,,earumidexpedita,[]
367762899813,Visitor 53772329,,"['10838816968', '15976972608', '1803986017']",end-user,True,,,plan_bronze,,aspernaturipsamnon,[]
367763329633,Visitor 29123615,,"['10838802148', '2208998928', '3535317298']",end-user,True,,,plan_silver,,nostrumateius,[]
367775633894,Visitor 33745935,,"['10778637947', '15976972628', '10778646327']",end-user,True,,,plan_silver,,commodiveniamvoluptates,[]
367953408354,Visitor 86104276,,360039599453,end-user,True,,,plan_silver,,estconsequaturmolestiae,[]
367961038194,Visitor 86143413,,15976972608,end-user,True,,,plan_bronze,,praesentiumquisquamquam,[]
367988064473,Visitor 36763002,,2208998838,end-user,True,,,plan_silver,,noneaquetempore,[]
367993918434,Visitor 16157568,,10838816968,end-user,True,,,plan_silver,,ipsamautemnulla,[]
368046789393,Caller +353 85 821 9003,,15622168627,end-user,True,,,plan_silver,,quaequisnatus,[]
368134180793,Kaitlyn Skalet,kskalet@example.com,10778656647,admin,True,,Product Support - CE,plan_gold,,nullaeaat,[]
368149275374,Amanda Jones,agamblin+jones@example.com,"['10838798148', '1803986017']",agent,True,,Product Support - CE,plan_bronze,,cumqueiustoomnis,[]
368165153954,Peter Agent,peter@example.com,10778617367,end-user,True,,,plan_gold,,iureevenietnostrum,['itmanager']
368335203253,Amanda Yu - CE,ayu@example.com,"['1718055597', '10838812648', '10778642167']",admin,True,,Product Support - CE,plan_gold,,suntaliquidcum,[]
368371915854,Dinky Skalet - CE,dinkythefrenchbulldog@example.com,"['10838812448', '10778615207', '10838810388']",end-user,True,,,plan_silver,,mollitiasedvelit,[]
368384476693,Visitor 90064273,,10838812528,end-user,True,,,plan_bronze,,iddoloribusdolorem,[]
368385917153,Visitor 6435951,,10778656707,end-user,True,,,plan_silver,,facilisexplicabovoluptates,[]
368410477574,Dwight Schrute - CE,schrutedwight99@example.com,"['360039599413', '2208998928', '10778640027']",end-user,True,,,plan_gold,,expeditaremnon,[]
368740341834,Tommy Bahama,tommyb@example.com,10778642107,agent,True,,Product Support - CE,plan_silver,,necessitatibusporroadipisci,[]
368763731074,Caller +1 (707) 701-3321,,10778656627,end-user,True,,,plan_silver,,placeatearumpraesentium,[]
369033497393,Visitor 35998615,,10838798068,end-user,True,,,plan_bronze,,atiuretempore,[]
369092473533,RT,r@example.com,10779027607,end-user,True,,,plan_gold,,erroraliquamporro,[]
369092809313,RT,rt@example.com,10778623727,end-user,True,,,plan_silver,,minimaisteratione,[]
369128486373,Mdbeaniza,mdbeaniza@example.com,10838798068,end-user,True,,,plan_gold,,oditdoloremexplicabo,[]
369132408374,Caller +1 (801) 268-0727,,"['10778642167', '1803986017', '10838814768']",end-user,True,,,plan_silver,,mollitiarepellatmodi,[]
369141847874,Btillon246,btillon246@example.com,10838812668,end-user,True,,,plan_bronze,,estutdolorum,[]
369239397794,No Email,,10838839568,end-user,True,,,plan_gold,,culpaexcepturisaepe,[]
369429013993,Visitor 24342869,,10778656647,end-user,True,Mmmm donuts üç©,,plan_gold,,nullamagnitempore,[]
369528067213,Caller +33 6 99 63 65 78,,10838835488,end-user,True,,,plan_silver,,minimaminimaiure,[]
369688178734,+44 7833 591325,,10779027607,end-user,True,,,plan_gold,,liberofugiatquasi,[]
369694307433,Dotty Dumpling - CE,dottydumpling@example.com,10838810308,agent,True,,Product Support - CE,plan_bronze,,solutaatcupiditate,[]
369744805933,raiello@zendesk.com,raiello@example.com,10838821028,admin,True,,Product Support - CE,plan_silver,,autporroa,[]
369750183193,Visitor 96067358,,"['10778642187', '1803986017']",end-user,True,,,plan_gold,,animiesserepudiandae,[]
369750238733,Visitor 42468770,,"['10838808268', '2208998938']",end-user,True,,,plan_gold,,officiaquosquidem,[]
369750247333,Visitor 69552426,,10838980228,end-user,True,,,plan_silver,,quaerateiusincidunt,[]
369752725853,Visitor 68332357,,10838835488,end-user,True,,,plan_bronze,,eosquiavoluptates,[]
369756393013,Visitor 61583225,,"['10778619527', '2208998938']",end-user,True,,,plan_bronze,,quibusdamautconsectetur,[]
369757272074,Laura Scrimshaw,laura1905@example.com,2208998928,end-user,True,,,plan_bronze,,magnioditexcepturi,[]
369766138994,Visitor 75877319,,1803986017,end-user,True,,,plan_gold,,asperioresquasilabore,[]
369819110093,Caller +353 87 954 1162,,"['15976972628', '15976972828', '10838814768']",end-user,True,,,plan_bronze,,aliasveritatisculpa,[]
370018613494,Anyemailaddress,anyemailaddress@example.com,10838798068,end-user,True,,,plan_silver,,quasiquasesse,[]
370021278434,Visitor 39653357,,10778637947,end-user,True,
370050943034,Visitor 39653357,,10778615267,end-user,True,,,plan_bronze,,teneturexercitationemin,[]
370072639833,Visitor 95601420,,"['2208998888', '15976972828']",end-user,True,,,plan_gold,,temporanatusveniam,[]
370097445354,Visitor 89762738,,"['10778635907', '10778642187']",end-user,True,,,plan_silver,,perspiciatisveritatisaccusamus,[]
370117946474,George,george@example.com,10838810388,agent,True,,Product Support - CE,plan_bronze,,numquamaterror,[]
370143016274,Adam Meehan,ameehan@example.com,10778648407,agent,True,,Product Support - CE,plan_gold,,illumipsumratione,[]
370319449113,Visitor 2878374,,360010440174,end-user,True,,,plan_silver,,expeditaminimamollitia,[]
370334155414,Visitor 90901574,,10778642187,end-user,True,,,plan_silver,,deseruntculpaincidunt,[]
370339064594,Visitor 39653357,,"['360010440174', '10838831148', '10838812568']",end-user,True,,,plan_gold,,vitaedolorautem,[]
370339268234,Jesse,jesse@example.com,2208998838,end-user,True,,,plan_silver,,incidunttemporamagni,[]
370458022533,Paul Geraghty,p-geraghty@example.com,10838808228,end-user,True,,,plan_gold,,laboriosamquomollitia,[]
370571138433,Ken Copeland,,1803986017,end-user,True,,,plan_silver,,totamfugaassumenda,[]
370585101373,Chloe Customer,,"['1718055597', '10838839568']",end-user,True,,,plan_bronze,,laboriosamfacereodit,[]
370585789833,Visitor 14363488,,15976972668,end-user,True,,,plan_bronze,,doloremquenobistempora,[]
370594396574,Ken Copeland,,10838814868,end-user,True,,,plan_silver,,numquamofficiaperferendis,[]
370595365934,Visitor 6435951,,10838818988,end-user,True,,,plan_gold,,quidemrationenobis,[]
370615567333,Fred Flintstone,yabbadabbadoo@example.com,3535315768,agent,True,,Product Support - CE,plan_silver,,fugiatdistinctioest,[]
370627024794,Chloe Customer,,15976972748,end-user,True,,,plan_gold,,doloremquearchitectomagnam,[]
370636489674,Visitor 62892710,,10838821028,end-user,True,,,plan_bronze,,earumodiovitae,[]
370681271074,Chloe Customer,,"['15976972628', '15976972828', '10778640027']",end-user,True,,,plan_bronze,,adhicnecessitatibus,"['uk', 'vip', 'london']"
370681332534,Visitor 31298744,,15976972608,end-user,True,,,plan_gold,,laudantiumfugiatlibero,[]
370799582894,Visitor 32146013,,10778642187,end-user,True,,,plan_bronze,,aperiameosmolestias,[]
370805248574,Visitor 3510063,,10838980228,end-user,True,,,plan_gold,,quiaillumvel,[]
370806191414,Visitor 3510063,,10838812408,end-user,True,,,plan_gold,,abliberocorporis,[]
370860385254,Caller +1 (920) 427-2381,,10778617287,end-user,True,,,plan_platinum,,necessitatibusiustoveniam,[]
370921685053,Visitor 56987079,,10778615207,end-user,True,,,plan_gold,,omniserrorofficiis,[]
370924622933,Visitor 30028211,,1718055597,end-user,True,,,plan_bronze,,numquamveniamdeleniti,[]
370926262393,Visitor 47060547,,10778650407,end-user,True,,,plan_gold,,excepturicorporismollitia,[]
370947927034,Visitor 93468409,,1803986017,end-user,True,,,plan_bronze,,sedtemporeexercitationem,[]
370951201994,Visitor 47060547,,10778619687,end-user,True,,,plan_bronze,,voluptatesdolorsit,[]
370952088714,Visitor 47060547,,2208998868,end-user,True,,,plan_silver,,magnisapientemagni,[]
370975279994,Caller +1 (914) 522-3028,,"['10778650407', '3535325388', '20287205127']",end-user,True,,,plan_silver,,autipsummolestias,[]
370975809734,Hi,hi@example.com,15976972688,end-user,True,,,plan_silver,,temporedeseruntfugit,[]
371021420573,Visitor 57164535,,15976972728,end-user,True,,,plan_gold,,accusamussuntarchitecto,[]
371052163994,Visitor 36815357,,15622168627,end-user,True,,,plan_silver,,magninequelibero,[]
371052187434,Visitor 56987079,,15976972828,end-user,True,,,plan_silver,,exercitationemessesed,[]
371053068514,Chloe Customer,,10838980228,end-user,True,,,plan_gold,,molestiasexpeditadeleniti,[]
371119123594,james,james@example.com,10778648407,end-user,True,,,plan_bronze,,totamdolorsequi,[]
